{"cameraMode":{"drawMode":0,"name":"Shaded","section":"Shading Mode"},"sceneLighting":true,"audioPlay":false,"sceneViewState":{"m_AlwaysRefresh":false,"showFog":true,"showSkybox":true,"showFlares":true,"showImageEffects":true,"showParticleSystems":true,"showVisualEffectGraphs":true,"m_FxEnabled":true},"in2DMode":false,"pivot":{"x":0.12382316589355469,"y":0.8049710988998413,"z":0.40846002101898196},"rotation":{"x":0.1469794511795044,"y":0.7639263272285461,"z":-0.1872052252292633,"w":0.5998591780662537},"size":0.8660253882408142,"orthographic":false}